{
    "xgb_n_estimators": 55,
    "xgb_learning_rate": 0.01623737771798428,
    "xgb_max_depth": 2,
    "xgb_subsample": 0.5123558936508483,
    "cat_iterations": 361,
    "cat_learning_rate": 0.05533254327066213,
    "cat_depth": 7,
    "cat_l2_leaf_reg": 5.376829560453177
}